ID,REGDATE,LAST NAME,FIRST NAME,EMAIL,ZIPCODE,CITY,STATE,ADDRESS,PHONE
7,11/12/08 16:05,curry,mary kate,wmppydaymaker@jumpstartlab.com,21230,baltimore,MD,1509 Jackson Street,2023281000
30,12/3/08 21:43,cordova,sarah,tmai.202@jumpstartlab.com,21044,columbia,MD,5430 Hesperus Drive,4109639000
32,12/4/08 9:21,dzara,greg,jmpender@jumpstartlab.com,20912,takoma park,MD,122 Park Avenue,3012702000
113,12/10/08 11:51,chan,jacqueline,dpstrunn@jumpstartlab.com,20904,silver spring,MD,4 Delford Ave,2022567000
119,12/10/08 21:42,macconnell,ann,suslandgurl@jumpstartlab.com,21754,ijamsville,MD,11025 Graymarsh Place,5145448000
132,12/11/08 18:00,spitz,caitlin,guhn@jumpstartlab.com,20712,mount rainier,MD,4405 29th Street,2408998000
147,12/13/08 10:34,fea,megan,mball13@jumpstartlab.com,21208,baltimore,MD,2908 Old Court Road,4103820000
155,12/15/08 0:39,taylor,gena,kabbbbbnnnnnnn@jumpstartlab.com,21044,columbia,MD,11846 Winterlong Way,4109086000
270,12/18/08 16:21,neer,jordan,oklerd52@jumpstartlab.com,21771,mount airy,MD,7501 Mayfair Court,3014714000
337,12/19/08 10:11,bookstein,emma,vranaveytsman@jumpstartlab.com,21784,eldersburg,MD,6120 Snowden's Run,3109024000
437,12/19/08 18:35,rios,laura,iltherine.durkin@jumpstartlab.com,20912,takoma park,MD,705 Colby Ave.,2408930000
465,12/20/08 11:32,lam,abby,kdmes.paul89@jumpstartlab.com,20896,garrett park,MD,P O Box 346,2404780000
467,12/20/08 11:43,mathieson,edward,uwackett@jumpstartlab.com,20895,kensington,MD,5011 Flanders Ave.,3014486000
468,12/20/08 11:47,stein,urs,oaycejc3@jumpstartlab.com,20814,bethesda,MD,5217 Elsmere Ave.,3018285000
469,12/20/08 11:53,forrester,kris,fcuerra1@jumpstartlab.com,20814,bethesda,MD,10233 Farnham Drive,3017676000
470,12/20/08 11:58,van beek,helene,vsckmajm@jumpstartlab.com,20902,silver spring,MD,11501 Regnid Dr.,2027010000
471,12/20/08 12:05,dahan,jane,sfarrell@jumpstartlab.com,20817,bethesda,MD,9802 Holmhurst Rd,3019103000
472,12/20/08 12:18,healey,vinicio,tyicastout@jumpstartlab.com,21797,woodbine,MD,2800 Ducall Road,3019103000
473,12/20/08 12:21,farrell,peter,orll18@jumpstartlab.com,20850,rockville,MD,117 S Van Buren St,3019103000
474,12/20/08 12:26,wolochow,emily,mjith.farrell@jumpstartlab.com,20891,kensington,MD,4413 Everett St,30191804000
475,12/20/08 12:34,thibodeaux,viktoria,oiresch@jumpstartlab.com,20906,silver spring,MD,3335 Hewitt Ave apt 302,2406711000
476,12/20/08 12:40,epstein,bill,iiomasem@jumpstartlab.com,20910,silver spring,MD,2006 Luzerne Ave.,2406028000
508,12/28/08 15:55,de haven,etsu,xglackwell.tidline@jumpstartlab.com,20815,chevy chase,MD,2616 Colston Drive,2404780000
509,12/28/08 16:12,hardy,kathryn,vsilliard@jumpstartlab.com,20896,garrett park,MD,4400 Cambria Avenue,3019227000
585,1/5/09 16:53,young,max,mbrena.whitridge@jumpstartlab.com,20737,riverdale,MD,5912 Somerset Rd.,3017870000
696,1/7/09 11:58,hayes,mariana,xvicia.normand@jumpstartlab.com,20912,takoma park,MD,"6935 Laurel Ave, #201",7182906000
700,1/7/09 14:52,larkins,robert,gmssicacrivas@jumpstartlab.com,21122,pasadena,MD,8094 Ventnor Road,4436184000
729,1/10/09 12:44,ojeh,sarah,bfkelly@jumpstartlab.com,20742,college park,MD,8000 Boteler Lane Appt 248A,4104743000
766,1/14/09 23:31,garrett,alex,taistin.sullivan@jumpstartlab.com,20742,college park,MD,"",9084777000
774,1/15/09 15:34,udell,stephanie,ihtherinemhoffman@jumpstartlab.com,20720,bowie,MD,"10419 Glen Manor Dr.,",2024980000
806,1/15/09 19:11,frey,dea,ftuffman_k@jumpstartlab.com,21701,frederick,MD,401 Rosemont Ave,6094254000
824,1/16/09 15:05,rizzo,joe,eooss_a@jumpstartlab.com,20740,college park,MD,"",2405358000
825,1/16/09 15:29,panacionne,martina,dqkevill@jumpstartlab.com,21793,walkersville,MD,PO Box 82,3018988000
1028,1/20/09 19:54,beadle,null,ehdungan@jumpstartlab.com,21157,westminster,MD,628 Barnes Ave,4108480000
1031,1/20/09 19:58,stafne,ben,crerymac13@jumpstartlab.com,21157,westminster,MD,628 Barnes Ave,4108480000
1032,1/20/09 20:03,judge,audrie,rhfo8296@jumpstartlab.com,21157,westminster,MD,2084 Old Fridinger Mill Rd,4108570000
1033,1/20/09 20:08,young,annie,pqrl.stockman@jumpstartlab.com,21157,westminster,MD,2084 Old Fridinger Mill Rd,4108570000
1034,1/20/09 20:13,bauer,andrew,kpttri@jumpstartlab.com,21157,westminster,MD,3032 Bird View Rd,4436054000
1036,1/20/09 20:17,derek,elizabeth,myugg@jumpstartlab.com,21157,westminster,MD,3140 Slippery Elm Ct,4436044000
1037,1/20/09 20:22,theve,kaitlin,pcthan.taylor05@jumpstartlab.com,21045,columbia,MD,5911 Millrace Ct,7249921
1041,1/20/09 20:27,evans-verret,chuck,qhrphy_jp@jumpstartlab.com,21048,westminster,MD,2748 Old Westminster Pike,4438231000
1045,1/20/09 20:32,maurer,ali,bsicksam@jumpstartlab.com,21521,cumberland,MD,60 Pershing St,2405222000
1049,1/20/09 20:38,huber,john,nileyd@jumpstartlab.com,21521,cumberland,MD,60 Pershing St,3016897000
1194,1/20/09 23:22,ng,catherine,nhrtonwa@jumpstartlab.com,20815,chevy chase,MD,3512 Woodbine St,2406455000
1202,1/20/09 23:28,calderado,dominika,jnyres@jumpstartlab.com,20740,college park,MD,8000 Boteler Lane Apt. 716,3013184000
1212,1/20/09 23:36,morris,corey,wvz7y@jumpstartlab.com,20740,college park,MD,8000 Boteler Lane Apt. 716,3013184000
1217,1/20/09 23:42,lally,nichol,xwckandahalf@jumpstartlab.com,20707,laurel,MD,15611 Straughn Drive,2405931000
1222,1/20/09 23:46,waisbren,andrew,xkectrae@jumpstartlab.com,20742,college park,MD,"247-10 Leonardtown Hall, University of Maryland",3013184000
1226,1/20/09 23:50,chan,danielle,dqagles64@jumpstartlab.com,20740,college park,MD,"6901 Preinkert Drive, Apt. 6601C",5186510000
1231,1/20/09 23:51,bates,sam,gver0030@jumpstartlab.com,20742,college park,MD,"4215 Centreville Hall, University of Maryland",8479428000
1233,1/20/09 23:54,force,christina,jtessert@jumpstartlab.com,20740,college park,MD,8000 Boteler Lane Apt. 716,3013184000
1235,1/20/09 23:57,huggenkiss,amelia,namcgaughey@jumpstartlab.com,20740,college park,MD,8000 Boteler Lane,3013184000
1238,1/20/09 23:59,zwicker,bart,assinclair10@jumpstartlab.com,21409,annapolis,MD,1414 Anna Marie Ct.,4102124000
1241,1/21/09 0:01,perez,keith,bjui172@jumpstartlab.com,20740,college park,MD,8000 Boteler Lane,4105969000
1243,1/21/09 0:03,moore,jessie,suowe@jumpstartlab.com,20740,college park,MD,8000 Boteler Lane,3013184000
1349,1/21/09 13:37,neal,nicole,yyrown47@jumpstartlab.com,21217,baltimore,MD,1916 Mt. Royal Terrace,8605502000
1416,1/21/09 15:59,schiller,nicolas,hsrahmills.sullivan@jumpstartlab.com,20815,chevy chase,MD,4910 Cumberland Avenue,3016545000
1475,1/21/09 16:45,o'shaughnessy,ian,rwthomaswallace@jumpstartlab.com,21157,westminster,MD,628 Barnes Ave,4102592000
1526,1/21/09 18:13,burdiss,tracy,fok32@jumpstartlab.com,21228,catonsville,MD,28 Heather Hill Rd,4436177000
1528,1/21/09 18:17,maccabe,tatiana,mrise.gabriel@jumpstartlab.com,21250,baltimore,MD,1000 Hilltop Circle,3017856000
1533,1/21/09 18:22,lepore,joe,uhenanova3@jumpstartlab.com,21250,baltimore,MD,1000 Hilltop Circle,4437563000
1536,1/21/09 18:25,peterson,will,if7233a@jumpstartlab.com,21250,baltimore,MD,1000 Hilltop Circle,3016462000
1538,1/21/09 18:29,somor,bryan,lwxiechick_heeler@jumpstartlab.com,21250,baltimore,MD,1000 Hilltop Circle,4104195000
1552,1/21/09 18:48,cine,andrew,frkeith@jumpstartlab.com,21084,jarrettsville,MD,28 Advocate Hill Dr,4435283000
1560,1/21/09 18:53,stockman,jessica,ewmms711@jumpstartlab.com,21250,baltimore,MD,1000 Hilltop Circle,4439383000
1567,1/21/09 18:57,lumbert,jessica,tl@jumpstartlab.com,21250,baltimore,MD,1000 Hilltop Circle,3019193000
1576,1/21/09 19:01,placey,catherine,vflly@jumpstartlab.com,21250,baltimore,MD,1000 Hilltop Circle,8452641000
1582,1/21/09 19:04,hindes,elizabeth,nlristopherbentley@jumpstartlab.com,21250,baltimore,MD,1000 Hilltop Circle,4104408000
1592,1/21/09 19:10,phillips,shannon,yuhrenwerth@jumpstartlab.com,21250,baltimore,MD,1000 Hilltop Circle,2023290000
1598,1/21/09 19:12,kiener,gabriela,apaire.rosenkvist@jumpstartlab.com,21250,baltimore,MD,1000 Hilltop Circle,4104093000
1602,1/21/09 19:14,duncombe,ryan,hamp9321@jumpstartlab.com,21250,baltimore,MD,1000 Hilltop Circle,2038042000
1633,1/21/09 19:39,jenkins,katelyn,kqryan@jumpstartlab.com,21412,annapolis,MD,P.O. Box 15403,9522396000
1764,1/21/09 20:51,two,david,mcmelhorn@jumpstartlab.com,20906,silver spring,MD,14001 Blazer Lane,3019105000
1834,1/21/09 21:17,gardner,william,xgc1@jumpstartlab.com,20686,st. mary's city,MD,Campus Center 2527 16800 Pt. Lookout Rd,4029904000
1843,1/21/09 21:22,rush,francisco,siather.jennings@jumpstartlab.com,20686,st. mary's city,MD,"Campus Center #1754, 16800 Point Lookout Rd",2406201000
1866,1/21/09 21:30,lapointe,leah,vbmzar@jumpstartlab.com,20686,st. mary's city,MD,16800 Point Lookout Rd.,2406201000
1881,1/21/09 21:36,barrows,jessica,kphndoe13@jumpstartlab.com,20686,st mary's city,MD,16800 Point Lookout Road,2406201000
1901,1/21/09 21:44,santiago,kaitlin,gflajagger@jumpstartlab.com,20686,st. mary's city,MD,"Campus Center 2714, 16800 Point Lookout Rd.",5038053000
1916,1/21/09 21:53,tecleab,sophia,cicampbe@jumpstartlab.com,20686,st mary's city,MD,Campus center 1346 16800 point lookout rd,4103704000
1931,1/21/09 22:00,oorthuys,robert,awndol_n@jumpstartlab.com,20686,st mary's city,MD,16800 Point Lookout Road,7178564000
1934,1/21/09 22:00,mussehl,mollie,juworthy@jumpstartlab.com,20686,laurel,MD,"Campus Center #1067, 16800 Point Lookout Road",3019432000
1951,1/21/09 22:08,lopez,allegra,qssminemerriweather@jumpstartlab.com,20686,st mary's city,MD,"Campus Center 1912, 16800 Point Lookout Rd",7034240000
1962,1/21/09 22:11,bartlett,ginny,fuberly.sinclair@jumpstartlab.com,20686,st. mary's city,MD,16800 point look road,5555555000
1976,1/21/09 22:16,oliver,katya,pemoba6@jumpstartlab.com,20686,st marys city,MD,16800 point lookout rd,5555555000
1981,1/21/09 22:17,tyson,laney,kaghav.goyal@jumpstartlab.com,20686,st. mary's city,MD,16800 Pt Lookout Rd,3213215000
1989,1/21/09 22:19,foley,heather,ctOHNSON716@jumpstartlab.com,20686,st marys city,MD,16800 point lookout rd,5555555000
1990,1/21/09 22:19,redmond,rachel,tcreilly@jumpstartlab.com,20686,st. marys city,MD,16800 Pt Lookout Rd,3213215000
2000,1/21/09 22:22,moss,ragini,yusse.d.fries@jumpstartlab.com,20686,st marys city,MD,16800 Point lookout rd,5555555000
2015,1/21/09 22:26,hillman,kadie,agara_wright@jumpstartlab.com,20686,st marys city,MD,16800 Point lookout rd,5555555000
2017,1/21/09 22:26,schy,erin,rjchel.howson@jumpstartlab.com,20686,st. marys city,MD,16800 Pt Lookout Rd,3213215000
2025,1/21/09 22:28,nutter-upham,aida,guazar@jumpstartlab.com,20686,st marys city,MD,16800 Point lookout rd,5555555000
2026,1/21/09 22:29,jones,zach,olffj@jumpstartlab.com,20686,st. mary's city,MD,16800 Pt Lookout Rd,3213215000
2035,1/21/09 22:31,waldo,teen,vf9gw@jumpstartlab.com,20686,st marys city,MD,16800 Point lookout rd,5555555000
2036,1/21/09 22:31,migliorini,lindsay,jk2184a@jumpstartlab.com,20686,st. mary's city,MD,16800 Pt Lookout Rd,3213215000
2047,1/21/09 22:33,seeliger,rebecca,yocoburn@jumpstartlab.com,20686,st marys city,MD,16800 Point lookout rd,5555555000
2054,1/21/09 22:34,dulys-nusbaum,jessica,nvimslopez@jumpstartlab.com,20686,st. mary's city,MD,16800 Pt Lookout Rd,3213215000
2058,1/21/09 22:35,peeler,stacy,tarta.musial@jumpstartlab.com,20686,st marys city,MD,16800 Point lookout rd,5555555000
2063,1/21/09 22:37,peterson,linda,qaarren@jumpstartlab.com,20686,st. mary's city,MD,16800 Pt Lookout Rd,3213215000
2065,1/21/09 22:37,hoh,brandon,hleyew@jumpstartlab.com,20686,st marys city,MD,16800 Point lookout rd,5555555000
2076,1/21/09 22:39,rodriguez,katie,kkhorn@jumpstartlab.com,20686,st. mary's city,MD,16800 Point Lookout Rd.,3213215000
2078,1/21/09 22:39,bender,nora,jxhnathon.daniel@jumpstartlab.com,20686,st marys city,MD,16800 point lookout rd,5555555000
2088,1/21/09 22:41,kuria,courtney,vlk58@jumpstartlab.com,20686,st marys city,MD,16800 Point lookout rd,5555555000
2093,1/21/09 22:43,collier,sara,xbenybn@jumpstartlab.com,20686,st marys city,MD,16800 Point lookout rd,5555555000
2103,1/21/09 22:45,thai,laura,oally.sharrow@jumpstartlab.com,20686,st marys city,MD,16800 Point lookout rd,5555555000
2109,1/21/09 22:46,fink,john,stiorio@jumpstartlab.com,20686,st. mary's city,MD,16800 Point Lookout Rd.,3213215000
2117,1/21/09 22:47,chase,myriam,jevesayj@jumpstartlab.com,20686,st marys city,MD,16800 Point lookout rd,5555555000
2123,1/21/09 22:49,bradley,chris,chehli.1@jumpstartlab.com,20686,st. mary's city,MD,16800 Point Lookout Rd.,3213215000
2126,1/21/09 22:49,warren,danielle,okwhiteman@jumpstartlab.com,20686,st marys cityq,MD,16800 Point lookout rd,5555555000
2139,1/21/09 22:51,kearney,lisa,vkeygordon@jumpstartlab.com,20686,st marys city,MD,16800 Point lookout rd,5555555000
2149,1/21/09 22:53,stoneking,gabrielle,jostilllusesabeeper@jumpstartlab.com,20686,st marys city,MD,16800 Point lookout rd,5555555000
2150,1/21/09 22:53,hall,jake,ifinero@jumpstartlab.com,20686,st. mary's city,MD,16800 Point Lookout Rd.,4029904000
2155,1/21/09 22:54,ebersole,bret,yhsloa08@jumpstartlab.com,20686,st marys city,MD,16800 Point lookout rd,5555555000
2160,1/21/09 22:55,houghton,nell,vjm2865@jumpstartlab.com,20686,st. mary's city,MD,16800 Point Lookout Rd.,4029904000
2167,1/21/09 22:56,wein,robert,yahrison@jumpstartlab.com,20686,st marys city,MD,16800 Point lookout rd,5555555000
2174,1/21/09 22:58,lopez,ashley,vermideo@jumpstartlab.com,20686,st marys city,MD,16800 Point lookout rd,5555555000
2183,1/21/09 23:00,jahne,john,qyieff@jumpstartlab.com,20686,st marys city,MD,16800 Point lookout rd,5555555000
2185,1/21/09 23:00,moskowitz,hannah,rbolley@jumpstartlab.com,20686,yhfh,MD,16800 Point Lookout Rd.,4029904000
2190,1/21/09 23:01,reay,tony,uxffret@jumpstartlab.com,20686,st marys city,MD,16800 Point lookout rd,5555555000
2303,1/21/09 23:40,baker,eliza,ykvinga@jumpstartlab.com,21210,baltimore,MD,MS 2361 Loyola College 4501 North Charles St,9086982000
2310,1/21/09 23:42,fowler,natalie,netite_nombre@jumpstartlab.com,21210,baltimore,MD,MS 2361 4501 N Charles St,9086982000
2317,1/21/09 23:44,davies,william,rxowden3@jumpstartlab.com,21210,baltimore,MD,MS 2361 4501 N. Charles St,9086982000
2329,1/21/09 23:46,null,sarah,rcverburg@jumpstartlab.com,21210,baltimore,MD,MS 2361 4501 N. Charles St,9086982000
2338,1/21/09 23:47,donnelly,jennifer,qxaschreck@jumpstartlab.com,21210,baltimore,MD,2361 4501 N. Charles St,9086982000
2350,1/21/09 23:49,sullivan,shelby,bereenberg@jumpstartlab.com,21210,baltimore,MD,MS 2361 4501 N Charles St,6312912000
2359,1/21/09 23:51,evans,courtney,agatsfunny1688@jumpstartlab.com,21210,baltimore,MD,MS 3356 Loyola College 4501 N Charles St,4103702000
2370,1/21/09 23:53,hunter,wendy,elgerow@jumpstartlab.com,21210,baltimore,MD,MS 2361 4501 N Charles St,9087525000
2375,1/21/09 23:55,ter kuile,lance,yboaks@jumpstartlab.com,21210,baltimore,MD,124,6318735000
2381,1/21/09 23:57,whitney,chris,bcisher@jumpstartlab.com,21210,baltimore,MD,456,4103702000
2545,1/22/09 13:22,mccusker,null,papokuag@jumpstartlab.com,20910,silver spring,MD,"1519 East Falkland Ln, Apt 154",5082748000
2615,1/24/09 19:54,richards,minrose,klsheac@jumpstartlab.com,20742,college park,MD,"5215 Centreville Hall, University of Maryland",6179353000
2668,1/26/09 20:47,kolodin,diana,mqrosent@jumpstartlab.com,20817,college park,MD,4226A Guilford Dr,3017872000
2681,1/26/09 22:24,balinsky-baker,kevin,xlarab1@jumpstartlab.com,20912,takoma park,MD,7600 Flower Ave.,9145844000
2682,1/26/09 22:27,herman,richard,xb@jumpstartlab.com,20912,takoma park,MD,1001 Kennebec Ave.,7322997000
2683,1/26/09 22:36,embick,michael,sdfonteyne@jumpstartlab.com,20912,"takoma park,",MD,7600 Flower Ave.,9136871000
2685,1/26/09 22:43,litzenberg,x,bfoseen@jumpstartlab.com,20866,burtonsville,MD,15144 Red Cedar Dr.,2403508000
2686,1/26/09 23:11,stachowski,melissa,dnhimjolly@jumpstartlab.com,20866,burtonsville,MD,15144 Red Cedar Dr.,3015189000
2691,1/26/09 23:23,becker,dani,uxch.hastings@jumpstartlab.com,20912,takoma park,MD,7600 Flower Ave.,2403869000
2693,1/26/09 23:27,lister,milton,dqingold@jumpstartlab.com,20912,takoma park,MD,7600 Flower Ave.,3018914000
2742,1/27/09 21:47,voutour,laura,tuyrotenberg@jumpstartlab.com,20770,greenbelt,MD,2 P Plateau Pl,3014740000
2750,1/28/09 8:58,svoboda,jessica,vxitkens724@jumpstartlab.com,21210,baltimore,MD,4501 N Charles St. MS 2700,8608106000
2756,1/28/09 11:24,doe,jesse,gsaddario@jumpstartlab.com,20904,silver spring,MD,1304 Peaceful Lane,7174482000
2822,1/28/09 21:54,slote,sheila,gdristina.holland@jumpstartlab.com,20723,laurel,MD,8252 Sandy Stream Road,3019741000
2842,1/29/09 10:13,doe,daniel,iicmseac@jumpstartlab.com,20783,hyattsville,MD,7951 15th Ave #201,3013184000
2846,1/29/09 11:58,hopkins,katie,gbnichol@jumpstartlab.com,21087,kingsville,MD,11819 Stoney Batter Road,4105928000
2892,1/29/09 15:12,letcheva,laney,pdisb_nuggs@jumpstartlab.com,21742,hagerstown,MD,1401 potomac ave,8459887000
2946,1/29/09 19:54,see,carl,fuoungma@jumpstartlab.com,20740,college park,MD,247-09D Leonardtown,6785710000
2960,1/29/09 20:46,borick,matthew,gclue-hitchens11@jumpstartlab.com,20742,college park,MD,247-09-C New Leonardtown,3013469000
3006,1/30/09 10:41,kauffman,alexis,ctnteyj@jumpstartlab.com,21218,baltimore,MD,3339 N. Charles St.,6173650000
3014,1/30/09 10:53,san roman,whitney,fgoore@jumpstartlab.com,21218,baltimore,MD,2 w. University Pkwy,6173650000
3016,1/30/09 10:57,tran,eleanor,tiperchick447@jumpstartlab.com,20852,rockville,MD,6010 California Cir 114,6173650000
3019,1/30/09 11:01,sibelman,ben,kntsosj@jumpstartlab.com,21218,baltimore,MD,712 Montpelier,6173650000
3021,1/30/09 11:04,thatcher,isabelle,dybosem@jumpstartlab.com,21218,baltimore,MD,3339 N. Charles,6173650000
3022,1/30/09 11:07,gent,liana,eggordon@jumpstartlab.com,21218,baltimore,MD,3900 Halstead,6173650000
3024,1/30/09 11:10,bissessar,jessica,kkazirak@jumpstartlab.com,21210,baltimore,MD,110 W. 39th,6173650000
3025,1/30/09 11:13,matthews,jake,feaversnob@jumpstartlab.com,21218,baltimore,MD,3501 st. paul,6173650000
3026,1/30/09 11:15,xx,stephen,tull31@jumpstartlab.com,21218,baltimore,MD,3339 n charles,6173650000
3029,1/30/09 11:18,boyle,laura,vvaterma@jumpstartlab.com,21210,baltimore,MD,110 w 39th,6173650000
3030,1/30/09 11:21,westwood,john,ngelacolwell@jumpstartlab.com,21218,baltimore,MD,3301 n charles st.,6173650000
3033,1/30/09 11:23,webster,laura,ows_braun@jumpstartlab.com,21218,baltimore,MD,3003 n charles st,6173650000
3034,1/30/09 11:26,smith,cassidy,vxurengill@jumpstartlab.com,21218,baltimore,MD,3003 n charles st,6173650000
3061,1/30/09 12:16,khouang,sherry,ceanzet@jumpstartlab.com,21216,x,MD,x,3016131000
3064,1/30/09 12:19,caldwell,keonna,lwlarali@jumpstartlab.com,21216,x,MD,x,3016131000
3066,1/30/09 12:21,student,meghan,txancourt@jumpstartlab.com,21216,x,MD,x,3016131000
3071,1/30/09 12:23,dutton,catherine,xfnnie.woldorf@jumpstartlab.com,21216,x,MD,x,3016131000
3075,1/30/09 12:27,sangha,philip,nmnes4re@jumpstartlab.com,21216,x,MD,x,3016131000
3078,1/30/09 12:29,d'addario,neha,wyusecc@jumpstartlab.com,21216,x,MD,x,3016131000
3079,1/30/09 12:30,kurs,russell,rnloe.sackett@jumpstartlab.com,21216,x,MD,x,3016131000
3091,1/30/09 12:40,rizzo,aditi,odenajean@jumpstartlab.com,21216,x,MD,x,3016131000
3096,1/30/09 12:43,zahorian,meredith,ypebee3000@jumpstartlab.com,21216,x,MD,x,3016131000
3098,1/30/09 12:45,thompson,heather,rdm327@jumpstartlab.com,21216,x,MD,x,3016131000
3139,1/30/09 14:16,howard,null,uqlitzen@jumpstartlab.com,20742,college park,MD,"247-10 Leonardtown, University of Maryland",5089549000
3142,1/30/09 14:28,sanders,jessica,uvsorens@jumpstartlab.com,21216,x,MD,x,3016131000
3144,1/30/09 14:30,phillips,melanie,hdaggio@jumpstartlab.com,21216,x,MD,x,3016131000
3147,1/30/09 14:31,smedick,alicia,saoy3333@jumpstartlab.com,21216,x,MD,x,3016131000
3148,1/30/09 14:33,mershon,caroline,ny@jumpstartlab.com,21216,x,MD,x,3016131000
3149,1/30/09 14:37,sprinzen,michael,jyica.borgeswallace@jumpstartlab.com,21216,x,MD,x,3016131000
3150,1/30/09 14:38,hoffbeck,sandddd,nrllinsj4@jumpstartlab.com,21216,x,MD,x,3016131000
3152,1/30/09 14:39,derwin,holly,tcephanie.j.gardner@jumpstartlab.com,21216,x,MD,x,3016131000
3153,1/30/09 14:41,downing,diana,sdhaw1@jumpstartlab.com,21216,x,MD,x,3016131000
3156,1/30/09 14:43,waldman,sarah,cychelleighguillory@jumpstartlab.com,21216,x,MD,x,3016131000
3159,1/30/09 14:44,bell,mary,cfeckerp@jumpstartlab.com,21216,x,MD,x,3016131000
3161,1/30/09 14:46,hawes,bridget,lsmery@jumpstartlab.com,21216,x,MD,x,3016131000
3165,1/30/09 14:47,cruickshank,philip,plerris@jumpstartlab.com,21216,x,MD,x,3016131000
3166,1/30/09 14:48,kohnstamm,robert,ruood1988@jumpstartlab.com,21216,x,MD,x,3016131000
3168,1/30/09 14:49,law,jason,agle_Rosenblad@jumpstartlab.com,21216,x,MD,x,3016131000
3169,1/30/09 14:51,owens,eric,moilema1@jumpstartlab.com,21216,x,MD,x,3016131000
3171,1/30/09 14:52,dennis,jillian,urchnibe@jumpstartlab.com,21216,x,MD,x,3016131000
3173,1/30/09 14:54,pedicone,christie,ixhndoe3@jumpstartlab.com,21216,x,MD,x,3016131000
3175,1/30/09 14:55,lane,marcellus,nuttydus@jumpstartlab.com,21216,x,MD,x,3016131000
3176,1/30/09 14:56,miller,valencia,dpaaaaaaaaa@jumpstartlab.com,21216,x,MD,x,3016131000
3180,1/30/09 14:58,parry,elizabeth,acombard@jumpstartlab.com,21216,x,MD,x,3016131000
3182,1/30/09 15:00,gill,juliet,tqnniferkrill@jumpstartlab.com,21216,x,MD,x,3016131000
3184,1/30/09 15:01,howell-dinger,catherine,arnneryis007@jumpstartlab.com,21216,x,MD,x,3016131000
3186,1/30/09 15:02,marchessault,andrea,ord9@jumpstartlab.com,21216,x,MD,x,3016131000
3190,1/30/09 15:04,mendez,jane,natowel@jumpstartlab.com,21216,x,MD,x,3016131000
3194,1/30/09 15:06,ray-mazumder,j,tmclaibo@jumpstartlab.com,21216,x,MD,x,3016131000
3196,1/30/09 15:09,finkel,lea,reanelle.dugan@jumpstartlab.com,21216,x,MD,x,3016131000
3199,1/30/09 15:10,lynch,whitney,ahccernsv@jumpstartlab.com,21216,x,MD,x,3016131000
3201,1/30/09 15:11,moynahan,michael,hkianhalprin@jumpstartlab.com,21216,x,MD,x,3016131000
3205,1/30/09 15:13,webster,james,vouljosephpark@jumpstartlab.com,21216,x,MD,x,3016131000
3207,1/30/09 15:15,carodenuto,catherine,rcura.lipinski@jumpstartlab.com,21216,x,MD,x,3016131000
3209,1/30/09 15:17,heinichen,francesca,lynfranklin@jumpstartlab.com,21216,x,MD,x,3016131000
3211,1/30/09 15:18,shapiro,elise,aesout08@jumpstartlab.com,21216,x,MD,x,3016131000
3213,1/30/09 15:20,van eck,andreah,qxcthruhiker17@jumpstartlab.com,21216,x,MD,x,3016131000
3216,1/30/09 15:21,wright,marci,rbrie.stratton@jumpstartlab.com,21216,x,MD,x,3016131000
3220,1/30/09 15:23,skaggs,mary,ijlldurrett@jumpstartlab.com,21216,x,MD,x,3016131000
3222,1/30/09 15:25,coleman,lorenzo,jjaslett@jumpstartlab.com,21216,x,MD,x,3016131000
3224,1/30/09 15:28,colehor,andrew,gjlupkin@jumpstartlab.com,21216,x,MD,x,3016131000
3226,1/30/09 15:29,laird,beth,umt24@jumpstartlab.com,21216,x,MD,x,3016131000
3230,1/30/09 15:31,dooley-feldman,arielle,kkccrory@jumpstartlab.com,21216,x,MD,x,3016131000
3232,1/30/09 15:33,maloney,katherine,rcng2106@jumpstartlab.com,21216,x,MD,x,3016131000
3235,1/30/09 15:34,uzuki,rebecca,gkpagecolby@jumpstartlab.com,21216,x,MD,x,3016131000
3236,1/30/09 15:36,brown,georgia,pikeAli27@jumpstartlab.com,21216,x,MD,x,3016131000
3239,1/30/09 15:38,griffin,euric,rcll32@jumpstartlab.com,21216,x,MD,x,3016131000
3241,1/30/09 15:40,jones,natalie,korkson.allegra@jumpstartlab.com,21216,x,MD,x,3016131000
3242,1/30/09 15:41,reese,stacy,yohley.leclare@jumpstartlab.com,21216,x,MD,x,3016131000
3341,1/30/09 17:50,bolton,charles,tfedina4@jumpstartlab.com,21224,baltimore,MD,1010 S. Kenwood Ave.,8143973000
3452,1/31/09 6:44,atcheson,tarini,xkracken@jumpstartlab.com,21045,columbia,MD,8945 Footed Ridge,4109920000
3480,1/31/09 12:02,marden,jamie,assse.d.jenkins@jumpstartlab.com,20742,college park,MD,"4230 Knox Road, Apt. 1530",4432579000
3488,1/31/09 12:57,repka,lillian,nywaibi@jumpstartlab.com,20742,college park,MD,3109 Cambridge,2404260000
3495,1/31/09 14:19,weinstein,natalie,xuwilburn11@jumpstartlab.com,20742,college park,MD,"247-9 Leonardtown Hall, University of Maryland",2404010000
3497,1/31/09 14:22,cooper,nicholas,yyvidpcorrado@jumpstartlab.com,20740,college park,MD,8000 Boteler Lane,9788444000
3506,1/31/09 14:52,stewart,shannon,liarry@jumpstartlab.com,21250,baltimore,MD,1000 Hilltop Circle,4102276000
3628,1/31/09 16:26,manchada,melanie,gxudgens@jumpstartlab.com,20854,potomac,MD,1492 Selworthy Rd,7183054000
3679,1/31/09 17:27,frederick,steph,krott@jumpstartlab.com,29740,college park,MD,8000 Boteler Lane Apt #124A,4104585000
3688,1/31/09 17:50,siegel,tamara,dingbodu@jumpstartlab.com,21239,baltimore,MD,6905 donachie rd apt f,3012579000
3691,1/31/09 17:53,jeff,jay,pmahlstr@jumpstartlab.com,21286,towson,MD,303 E. Burke Rd Apt C,3012579000
3699,1/31/09 18:08,clancy,laurie,jk@jumpstartlab.com,20895,kensington,MD,3115-8 university blvd west,3012579000
3702,1/31/09 18:10,white,jane,fpikatri@jumpstartlab.com,21204,towson,MD,8007 york rd apt C1,3012579000
3703,1/31/09 18:11,brubaker,cara,tvnglese1@jumpstartlab.com,20742,college park,MD,6121 Centreville Hall,3103704000
3704,1/31/09 18:12,o'bryon,marcelino,jxrrieweikle@jumpstartlab.com,20740,college park,MD,8000 Boteler Lane Apt. 124,3022455000
3707,1/31/09 18:14,wang,jessica,vwinsa02@jumpstartlab.com,21093,lutherville,MD,11209 greenspring ave,4436297000
3710,1/31/09 18:18,suzor,kirsten,hwiderc@jumpstartlab.com,20740,college park,MD,4603 harvard rd.,4439942000
3715,1/31/09 18:21,dougherty,amanda,ukmitch07@jumpstartlab.com,20602,waldorf,MD,607 wilson ln,2402103000
3718,1/31/09 18:24,griffard,x,skmbolger@jumpstartlab.com,20646,la plata,MD,6580 glendale place,3012667000
3724,1/31/09 18:28,williams,sarah,dvjaff07@jumpstartlab.com,21136,reisterstown,MD,14021 woodlings lane,4436324000
3729,1/31/09 18:34,brisbois,sarah,wqlee0808@jumpstartlab.com,21218,baltimore,MD,3043 Frisby St.,4436324000
3731,1/31/09 18:34,santoro,kelly,auurtney.marie.davis@jumpstartlab.com,20912,takoma park,MD,28 Lee Ave. Apt. 303,2402054000
3734,1/31/09 18:37,ogutu,alice,ury1@jumpstartlab.com,21047,fallston,MD,3327 charles st,4436167000
3737,1/31/09 18:40,fonda-bonardi,stephen,rilking_contradiction_27@jumpstartlab.com,20601,waldorf,MD,3802 brewster circle,2403469000
3739,1/31/09 18:42,pfeffer,jordan,xfanjarr@jumpstartlab.com,20912,takoma park,MD,251 manor circle,2404614000
3741,1/31/09 18:45,nayeem,hilary,lhavis@jumpstartlab.com,20912,takoma park,MD,251 manor circle,3018141000
3778,1/31/09 19:29,syrig,charlotte,wwedellstiles@jumpstartlab.com,20782,hyattsville,MD,6201 41st Ave,3013184000
3782,1/31/09 19:36,reinauer,zachary,qrantiag@jumpstartlab.com,20742,college park,MD,5218 Centreville,3046045000
3800,1/31/09 19:56,barker,emma,rcberger@jumpstartlab.com,20816,bethesda,MD,2 Bay Tree Lane,3013200000
4005,2/1/09 9:32,zamudio,bradly,fyaronsmith@jumpstartlab.com,20742,college park,MD,1102 Somerset Hall,4102180000
4054,2/1/09 13:07,sager,megan,xglia.shindel@jumpstartlab.com,20781,hyattsville,MD,4227 Oglethorpe St.,5134172000
4089,2/1/09 14:14,gupta,null,sxhndoe14@jumpstartlab.com,20910,silver spring,MD,"1133 E West Hwy, Ste 319-W",8125523000
4214,2/1/09 16:45,doe,meredith,uimenez@jumpstartlab.com,20740,college park,MD,8000 Travis Ln,3012529000
4235,2/1/09 17:05,fencl,zach,smTAK@jumpstartlab.com,20740,college park,MD,"8204 Baltimore Ave, Apt 718B",5136803000
4347,2/1/09 18:45,zimmer,brandon,mmockc6@jumpstartlab.com,21701,frederick,MD,401 Rosemont Ave.,7327798000
4537,2/1/09 20:44,lazarowski,paul,qnudmer@jumpstartlab.com,20860,sandy spring,MD,17714 Meetinghouse Rd,3013790000
4542,2/1/09 20:49,august,shane,anhilips@jumpstartlab.com,20912,takoma park,MD,1012 Heather Ave,3018912000
4550,2/1/09 20:52,barns,leslie,ufoff@jumpstartlab.com,21788,thurmont,MD,24 JerMae St,2406261000
4551,2/1/09 20:53,parker,scott,qhuer321@jumpstartlab.com,20833,brookeville,MD,19308 Alderbarn Ct,2022701000
4579,2/1/09 21:09,patrick,shannon,foshankland@jumpstartlab.com,20850,rockvile,MD,4 Vallingby Circle,2407500000
4589,2/1/09 21:13,haskell,sophia,gbffb_123@jumpstartlab.com,20770,greenbelt,MD,14-N Laurel Hill Road,3014740000
4604,2/1/09 21:20,arnold,rose,oqenville@jumpstartlab.com,20906,silver spring,MD,6 Middlebridge Ct,3012337000
4617,2/1/09 21:23,dickson,alison,xoolloway10@jumpstartlab.com,20854,potomac,MD,8158 Inverness Ridge Road,3012995000
4631,2/1/09 21:27,xx,eliza,wqrah.mary89@jumpstartlab.com,20854,potomac,MD,11713 Charen Lane,3019832000
4666,2/1/09 21:37,chronis,kirsten,frmooski@jumpstartlab.com,20723,laurel,MD,10584 Hunters Way,3016174000
4673,2/1/09 21:41,dewolf,dominique,xwh001@jumpstartlab.com,20901,silver spring,MD,9407 Worth Ave,3015880000
4680,2/1/09 21:45,wetherill,sam,fyvegetarian@jumpstartlab.com,20901,silver spring,MD,10823 Margate Road,2404856000
4693,2/1/09 21:48,comer,x,iaivings@jumpstartlab.com,20815,chevy chase,MD,3708 Underwood Rd,2406728000
4697,2/1/09 21:52,roy,katie,dhigsi01@jumpstartlab.com,20782,hyattsville,MD,6201 41st Ave,2063722000
4699,2/1/09 21:53,avendano,jessica,ruoore10@jumpstartlab.com,20902,silver spring,MD,1814 August Dr,3017875000
4705,2/1/09 21:56,marquis,lauren,fqenshen@jumpstartlab.com,20902,wheaton,MD,2103 Hermitage Road,3018303000
4714,2/1/09 21:59,spero,michael,dcna.kuhnline@jumpstartlab.com,20901,silver spring,MD,8905 Sudbury Road,3018019000
4741,2/1/09 22:09,theden,liam,psmcgrew@jumpstartlab.com,20905,silver spring,MD,2217 Link Road,3014211000
4751,2/1/09 22:13,siegler,stephanie,npmaho06@jumpstartlab.com,20782,university park,MD,6905 Pineway Ave,2406027000
4758,2/1/09 22:19,wofford,ruth,paallmeyer@jumpstartlab.com,20815,chevy chase,MD,7423 Lynnhurst Street,2404971000
4772,2/1/09 22:30,schwaneke,jane,fjh224@jumpstartlab.com,20850,rockville,MD,310 Crabb Avenue,3012197000
4781,2/1/09 22:35,tedrow,sajeewa,gerumber@jumpstartlab.com,20855,derwood,MD,7710 Iron Forge Court,3017606000
4786,2/1/09 22:37,mccall,rhiannon,plgermal@jumpstartlab.com,20742,college park,MD,4111 Elkton Hall,3014667000
4789,2/1/09 22:38,queen,shannen,kjinda.manglik@jumpstartlab.com,20832,olney,MD,4105 Alfalfa Terrace,3017749000
4861,2/1/09 23:11,smith,meg,jy379@jumpstartlab.com,20740,college park,MD,5024 Berwyn Road,3013184000
4869,2/1/09 23:12,lkjklljlkj,arden,hslftylerblue@jumpstartlab.com,20742,college park,MD,3106 Dorchester Hall,2402529000
4888,2/1/09 23:20,baker,kara,cms.bischoff@jumpstartlab.com,20912,takoma park,MD,7600 Flower Ave.,2408884000
4904,2/1/09 23:25,catellacci,genevieve,gyura.Kriegel@jumpstartlab.com,20742,college park,MD,6109 Hagerstown Hall,3013184000
4909,2/1/09 23:26,gromisch,eliza,lqmoresch@jumpstartlab.com,21701,frederick,MD,8241 Black Hawk Court,3016761000
4917,2/1/09 23:29,tale,dordt,qxope@jumpstartlab.com,20742,college park,MD,5104 Denton Hall,4107107000
4920,2/1/09 23:30,rueter,christian,xlean@jumpstartlab.com,21804,salisbury,MD,224 Onley Road #103-A,2404980000
4932,2/1/09 23:33,gosse,sarah,bsore@jumpstartlab.com,20912,takoma park,MD,7600 Flower Ave.,3042795000
4936,2/1/09 23:33,brummel,austin,lpldor_a@jumpstartlab.com,20740,college park,MD,8000 Boteler Lane,3013184000
4960,2/1/09 23:39,kolb,joseph,avdisido@jumpstartlab.com,20740,college park,MD,8000 Boteler Lane,3013184000
4972,2/1/09 23:43,holleb,seth,ouitlinef324@jumpstartlab.com,20740,college park,MD,"4226 Guilford Drive, Apt A",3019103000
4979,2/1/09 23:47,holdaway,jordan,ekazanec@jumpstartlab.com,20742,college park,MD,8133 Hagerstown Hall,3015239000
4993,2/1/09 23:53,gladfelter,lorena,ylnjen3323@jumpstartlab.com,21157,westminster,MD,2 College Hill,3012040000
5024,2/2/09 0:03,rawstron,ben,xjpivey@jumpstartlab.com,20782,hyattsville,MD,6201 41st Ave,3193504000
5029,2/2/09 0:07,butler,laura,drCyprian@jumpstartlab.com,20742,college park,MD,247-9C New Leonardtown,3013184000
5047,2/2/09 0:22,sorenson,jake,pqowen09@jumpstartlab.com,20740,college park,MD,4902 Cherokee Street,3017127000
5107,2/2/09 6:55,wolfson,kyle,gjethin@jumpstartlab.com,20712,mount rainier,MD,4004 32nd St,2022220000
5147,2/2/09 9:47,spence,kerry,cghsjp@jumpstartlab.com,20740,college park,MD,7400 Columbia Ave,4103031000
5158,2/2/09 10:30,aungst,dan,vmrthsaver@jumpstartlab.com,20657,lusby,MD,12545 Catalina Drive,5034758000
